<ImportExportXml version="7.0.0001.0129" SolutionPackageVersion="7.0" languagecode="1033" generatedBy="OnPremise" xmlns:xsi="http://www.w3.org/2001/XMLSchema-instance">
  <SolutionManifest>
    <UniqueName>GSC_Platform</UniqueName>
    <LocalizedNames>
      <LocalizedName description="GSC_Platform" languagecode="1033" />
    </LocalizedNames>
    <Descriptions>
      <Description description="This solution contains all the plug-in assemblies and sdk message processing steps  for DMS." languagecode="1033" />
    </Descriptions>
    <Version>0.8.13.170525</Version>
    <Managed>0</Managed>
    <Publisher>
      <UniqueName>gurangosoftwarecorporation</UniqueName>
      <LocalizedNames />
      <Descriptions />
      <EMailAddress xsi:nil="true"></EMailAddress>
      <SupportingWebsiteUrl xsi:nil="true"></SupportingWebsiteUrl>
      <CustomizationPrefix>gsc</CustomizationPrefix>
      <CustomizationOptionValuePrefix>10000</CustomizationOptionValuePrefix>
      <Addresses>
        <Address>
          <AddressNumber>1</AddressNumber>
          <AddressTypeCode>1</AddressTypeCode>
          <City xsi:nil="true"></City>
          <County xsi:nil="true"></County>
          <Country xsi:nil="true"></Country>
          <Fax xsi:nil="true"></Fax>
          <FreightTermsCode xsi:nil="true"></FreightTermsCode>
          <ImportSequenceNumber xsi:nil="true"></ImportSequenceNumber>
          <Latitude xsi:nil="true"></Latitude>
          <Line1 xsi:nil="true"></Line1>
          <Line2 xsi:nil="true"></Line2>
          <Line3 xsi:nil="true"></Line3>
          <Longitude xsi:nil="true"></Longitude>
          <Name xsi:nil="true"></Name>
          <PostalCode xsi:nil="true"></PostalCode>
          <PostOfficeBox xsi:nil="true"></PostOfficeBox>
          <PrimaryContactName xsi:nil="true"></PrimaryContactName>
          <ShippingMethodCode>1</ShippingMethodCode>
          <StateOrProvince xsi:nil="true"></StateOrProvince>
          <Telephone1 xsi:nil="true"></Telephone1>
          <Telephone2 xsi:nil="true"></Telephone2>
          <Telephone3 xsi:nil="true"></Telephone3>
          <TimeZoneRuleVersionNumber xsi:nil="true"></TimeZoneRuleVersionNumber>
          <UPSZone xsi:nil="true"></UPSZone>
          <UTCOffset xsi:nil="true"></UTCOffset>
          <UTCConversionTimeZoneCode xsi:nil="true"></UTCConversionTimeZoneCode>
        </Address>
        <Address>
          <AddressNumber>2</AddressNumber>
          <AddressTypeCode>1</AddressTypeCode>
          <City xsi:nil="true"></City>
          <County xsi:nil="true"></County>
          <Country xsi:nil="true"></Country>
          <Fax xsi:nil="true"></Fax>
          <FreightTermsCode xsi:nil="true"></FreightTermsCode>
          <ImportSequenceNumber xsi:nil="true"></ImportSequenceNumber>
          <Latitude xsi:nil="true"></Latitude>
          <Line1 xsi:nil="true"></Line1>
          <Line2 xsi:nil="true"></Line2>
          <Line3 xsi:nil="true"></Line3>
          <Longitude xsi:nil="true"></Longitude>
          <Name xsi:nil="true"></Name>
          <PostalCode xsi:nil="true"></PostalCode>
          <PostOfficeBox xsi:nil="true"></PostOfficeBox>
          <PrimaryContactName xsi:nil="true"></PrimaryContactName>
          <ShippingMethodCode>1</ShippingMethodCode>
          <StateOrProvince xsi:nil="true"></StateOrProvince>
          <Telephone1 xsi:nil="true"></Telephone1>
          <Telephone2 xsi:nil="true"></Telephone2>
          <Telephone3 xsi:nil="true"></Telephone3>
          <TimeZoneRuleVersionNumber xsi:nil="true"></TimeZoneRuleVersionNumber>
          <UPSZone xsi:nil="true"></UPSZone>
          <UTCOffset xsi:nil="true"></UTCOffset>
          <UTCConversionTimeZoneCode xsi:nil="true"></UTCConversionTimeZoneCode>
        </Address>
      </Addresses>
    </Publisher>
    <RootComponents>
      <RootComponent type="91" schemaName="GSC.Rover.DMS.Platform.Plugins, Version=1.0.0.0, Culture=neutral, PublicKeyToken=57b35907216defd6" />
      <RootComponent type="91" schemaName="GSC.Rover.DMS.Platform.Workflow, Version=1.0.0.0, Culture=neutral, PublicKeyToken=d27dae806aab9428" />
      <RootComponent type="92" id="{05d8d55c-712c-e611-80d9-00155d010e2c}" />
      <RootComponent type="92" id="{05fd6d49-3119-e711-80f0-00155d010e2c}" />
      <RootComponent type="92" id="{061f6ae8-9b2c-e611-80d9-00155d010e2c}" />
      <RootComponent type="92" id="{06a46c26-52d9-e611-80eb-00155d010e2c}" />
      <RootComponent type="92" id="{07b8a1e6-b6a7-e611-80e0-00155d010e2c}" />
      <RootComponent type="92" id="{0b5cfa00-296f-e611-80db-00155d010e2c}" />
      <RootComponent type="92" id="{0bb8a1e6-b6a7-e611-80e0-00155d010e2c}" />
      <RootComponent type="92" id="{0c337849-7480-e611-80dc-00155d010e2c}" />
      <RootComponent type="92" id="{0cede88d-66e8-e611-80ed-00155d010e2c}" />
      <RootComponent type="92" id="{0d36f282-c4db-e611-80ed-00155d010e2c}" />
      <RootComponent type="92" id="{0d5bcc88-9bc9-e511-80cd-00155d010e2c}" />
      <RootComponent type="92" id="{0fb779a4-cb19-e711-80f0-00155d010e2c}" />
      <RootComponent type="92" id="{12b779a4-cb19-e711-80f0-00155d010e2c}" />
      <RootComponent type="92" id="{1354bd3e-b65a-e611-80db-00155d010e2c}" />
      <RootComponent type="92" id="{146ac073-793f-e711-80f2-00155d010e2c}" />
      <RootComponent type="92" id="{15f57fe8-fb3c-e611-80d9-00155d010e2c}" />
      <RootComponent type="92" id="{189c922a-e37b-e611-80dc-00155d010e2c}" />
      <RootComponent type="92" id="{18da5ffc-d157-e611-80db-00155d010e2c}" />
      <RootComponent type="92" id="{1c04941c-8b1e-e711-80f0-00155d010e2c}" />
      <RootComponent type="92" id="{1f1a059f-95e9-e511-80d1-00155d010e2c}" />
      <RootComponent type="92" id="{25ff48e6-e4e9-e611-80ed-00155d010e2c}" />
      <RootComponent type="92" id="{26f31271-bd69-e611-80db-00155d010e2c}" />
      <RootComponent type="92" id="{280b802e-e717-e611-80d8-00155d010e2c}" />
      <RootComponent type="92" id="{2906978e-00e2-e611-80ed-00155d010e2c}" />
      <RootComponent type="92" id="{29974919-11e1-e511-80d0-00155d010e2c}" />
      <RootComponent type="92" id="{2a822fcf-00e1-e511-80d0-00155d010e2c}" />
      <RootComponent type="92" id="{2acf4fa6-6897-e611-80df-00155d010e2c}" />
      <RootComponent type="92" id="{2ada3271-48e7-e511-80d1-00155d010e2c}" />
      <RootComponent type="92" id="{2af84277-48e7-e511-80d1-00155d010e2c}" />
      <RootComponent type="92" id="{2b961204-c2d3-e611-80e7-00155d010e2c}" />
      <RootComponent type="92" id="{2dbae9ca-be27-e611-80d8-00155d010e2c}" />
      <RootComponent type="92" id="{2e2bea45-a60d-e611-80d7-00155d010e2c}" />
      <RootComponent type="92" id="{30293564-28bc-e611-80e5-00155d010e2c}" />
      <RootComponent type="92" id="{305d916e-a474-e611-80dc-00155d010e2c}" />
      <RootComponent type="92" id="{30da3271-48e7-e511-80d1-00155d010e2c}" />
      <RootComponent type="92" id="{30f84277-48e7-e511-80d1-00155d010e2c}" />
      <RootComponent type="92" id="{31961204-c2d3-e611-80e7-00155d010e2c}" />
      <RootComponent type="92" id="{3276ce30-6f28-e611-80d8-00155d010e2c}" />
      <RootComponent type="92" id="{32974b14-b28b-e611-80dd-00155d010e2c}" />
      <RootComponent type="92" id="{357ca574-60c2-e611-80e5-00155d010e2c}" />
      <RootComponent type="92" id="{35da073a-824d-e611-80da-00155d010e2c}" />
      <RootComponent type="92" id="{36974b14-b28b-e611-80dd-00155d010e2c}" />
      <RootComponent type="92" id="{37c01888-cafb-e511-80d2-00155d010e2c}" />
      <RootComponent type="92" id="{37ca8320-66d2-e611-80e7-00155d010e2c}" />
      <RootComponent type="92" id="{382f0f17-d90a-e711-80ef-00155d010e2c}" />
      <RootComponent type="92" id="{4143c522-1669-e611-80db-00155d010e2c}" />
      <RootComponent type="92" id="{45be0235-23bd-e611-80e5-00155d010e2c}" />
      <RootComponent type="92" id="{47017021-6585-e611-80dc-00155d010e2c}" />
      <RootComponent type="92" id="{47d94ad3-6fd1-e511-80ce-00155d010e2c}" />
      <RootComponent type="92" id="{4930d73b-a749-e611-80da-00155d010e2c}" />
      <RootComponent type="92" id="{4a06a0d1-f3e1-e511-80d0-00155d010e2c}" />
      <RootComponent type="92" id="{4ade25c7-0f48-e611-80da-00155d010e2c}" />
      <RootComponent type="92" id="{4bdf96cf-7c28-e611-80d8-00155d010e2c}" />
      <RootComponent type="92" id="{4cc07a74-5f6e-e611-80db-00155d010e2c}" />
      <RootComponent type="92" id="{52b7b7d0-14d3-e611-80e7-00155d010e2c}" />
      <RootComponent type="92" id="{5305a3c7-6685-e611-80dc-00155d010e2c}" />
      <RootComponent type="92" id="{555e38cf-043d-e611-80d9-00155d010e2c}" />
      <RootComponent type="92" id="{566ed685-928b-e611-80dd-00155d010e2c}" />
      <RootComponent type="92" id="{5777c78a-a8e9-e511-80d1-00155d010e2c}" />
      <RootComponent type="92" id="{58f7a797-df19-e711-80f0-00155d010e2c}" />
      <RootComponent type="92" id="{5a41e5a1-b720-e611-80d8-00155d010e2c}" />
      <RootComponent type="92" id="{5d3dbc76-d73e-e711-80f2-00155d010e2c}" />
      <RootComponent type="92" id="{5d77c78a-a8e9-e511-80d1-00155d010e2c}" />
      <RootComponent type="92" id="{5f38d45a-70e4-e611-80ed-00155d010e2c}" />
      <RootComponent type="92" id="{6340c430-dc7b-e611-80dc-00155d010e2c}" />
      <RootComponent type="92" id="{63932a46-f3e9-e611-80ed-00155d010e2c}" />
      <RootComponent type="92" id="{63b25571-b5e9-e511-80d1-00155d010e2c}" />
      <RootComponent type="92" id="{64a928ca-cd89-e611-80dd-00155d010e2c}" />
      <RootComponent type="92" id="{65a3638e-e80a-e711-80ef-00155d010e2c}" />
      <RootComponent type="92" id="{67b25571-b5e9-e511-80d1-00155d010e2c}" />
      <RootComponent type="92" id="{68dddf43-4b89-e611-80dd-00155d010e2c}" />
      <RootComponent type="92" id="{6abe3955-64e7-e611-80ed-00155d010e2c}" />
      <RootComponent type="92" id="{6d19915c-2619-e711-80f0-00155d010e2c}" />
      <RootComponent type="92" id="{6d5b2e1a-6359-e611-80db-00155d010e2c}" />
      <RootComponent type="92" id="{6db25571-b5e9-e511-80d1-00155d010e2c}" />
      <RootComponent type="92" id="{6ecc114f-4de1-e611-80ed-00155d010e2c}" />
      <RootComponent type="92" id="{6ff30b9a-cf4c-e611-80da-00155d010e2c}" />
      <RootComponent type="92" id="{71a0ce82-b1df-e611-80ed-00155d010e2c}" />
      <RootComponent type="92" id="{73c54a2d-1c19-e711-80f0-00155d010e2c}" />
      <RootComponent type="92" id="{757284f5-8ae7-e611-80ed-00155d010e2c}" />
      <RootComponent type="92" id="{760827f2-1144-e611-80da-00155d010e2c}" />
      <RootComponent type="92" id="{7ad44932-9054-e611-80da-00155d010e2c}" />
      <RootComponent type="92" id="{7de44450-4a7a-e611-80dc-00155d010e2c}" />
      <RootComponent type="92" id="{7e1376c3-3ee4-e611-80ed-00155d010e2c}" />
      <RootComponent type="92" id="{805bff64-9753-e611-80da-00155d010e2c}" />
      <RootComponent type="92" id="{84378ad5-7b29-e611-80d8-00155d010e2c}" />
      <RootComponent type="92" id="{86c92a0e-8ed8-e611-80ea-00155d010e2c}" />
      <RootComponent type="92" id="{88f030b3-601d-e611-80d8-00155d010e2c}" />
      <RootComponent type="92" id="{8ddb572d-29f7-e511-80d2-00155d010e2c}" />
      <RootComponent type="92" id="{8f6c68ee-c85e-e611-80db-00155d010e2c}" />
      <RootComponent type="92" id="{919a0d1d-7b16-e611-80d8-00155d010e2c}" />
      <RootComponent type="92" id="{939463b8-3518-e711-80f0-00155d010e2c}" />
      <RootComponent type="92" id="{960258fd-10a7-e611-80e0-00155d010e2c}" />
      <RootComponent type="92" id="{970c20e1-ebd2-e611-80e7-00155d010e2c}" />
      <RootComponent type="92" id="{99c1e5e6-a48a-e611-80dd-00155d010e2c}" />
      <RootComponent type="92" id="{9a0258fd-10a7-e611-80e0-00155d010e2c}" />
      <RootComponent type="92" id="{9c6def01-c4ff-e611-80ef-00155d010e2c}" />
      <RootComponent type="92" id="{9d1be4d0-0306-e611-80d2-00155d010e2c}" />
      <RootComponent type="92" id="{9f005011-1f5a-e611-80db-00155d010e2c}" />
      <RootComponent type="92" id="{a00258fd-10a7-e611-80e0-00155d010e2c}" />
      <RootComponent type="92" id="{a4b55450-9c49-e611-80da-00155d010e2c}" />
      <RootComponent type="92" id="{a5441bc4-e332-e611-80d9-00155d010e2c}" />
      <RootComponent type="92" id="{a6948932-593f-e711-80f2-00155d010e2c}" />
      <RootComponent type="92" id="{a796afd4-6f29-e611-80d8-00155d010e2c}" />
      <RootComponent type="92" id="{a86fa4b5-e859-e611-80db-00155d010e2c}" />
      <RootComponent type="92" id="{a9efe286-ce03-e711-80ef-00155d010e2c}" />
      <RootComponent type="92" id="{ac1e6035-8dc8-e511-80cd-00155d010e2c}" />
      <RootComponent type="92" id="{ad017ebf-062f-e711-80f2-00155d010e2c}" />
      <RootComponent type="92" id="{ad15e391-4f17-e611-80d8-00155d010e2c}" />
      <RootComponent type="92" id="{af3c5688-089c-e611-80df-00155d010e2c}" />
      <RootComponent type="92" id="{b13872c5-8ffd-e611-80ef-00155d010e2c}" />
      <RootComponent type="92" id="{b53c94f0-bee9-e511-80d1-00155d010e2c}" />
      <RootComponent type="92" id="{b62fba52-5b2d-e611-80d9-00155d010e2c}" />
      <RootComponent type="92" id="{b6eecaa2-cce2-e611-80ed-00155d010e2c}" />
      <RootComponent type="92" id="{b93c94f0-bee9-e511-80d1-00155d010e2c}" />
      <RootComponent type="92" id="{b9571fcb-388c-e611-80dd-00155d010e2c}" />
      <RootComponent type="92" id="{bd571fcb-388c-e611-80dd-00155d010e2c}" />
      <RootComponent type="92" id="{bdf194bf-97e7-e611-80ed-00155d010e2c}" />
      <RootComponent type="92" id="{bf3c94f0-bee9-e511-80d1-00155d010e2c}" />
      <RootComponent type="92" id="{c06db23b-916a-e611-80db-00155d010e2c}" />
      <RootComponent type="92" id="{c085e03e-a4f8-e611-80ee-00155d010e2c}" />
      <RootComponent type="92" id="{c0f7fcc2-fbd9-e611-80ed-00155d010e2c}" />
      <RootComponent type="92" id="{c33c94f0-bee9-e511-80d1-00155d010e2c}" />
      <RootComponent type="92" id="{c4ad9842-7480-e611-80dc-00155d010e2c}" />
      <RootComponent type="92" id="{c73c94f0-bee9-e511-80d1-00155d010e2c}" />
      <RootComponent type="92" id="{ca96f7bb-c6db-e611-80ed-00155d010e2c}" />
      <RootComponent type="92" id="{cb304934-3afa-e511-80d2-00155d010e2c}" />
      <RootComponent type="92" id="{cd3c94f0-bee9-e511-80d1-00155d010e2c}" />
      <RootComponent type="92" id="{cfa7cb97-b0e9-e511-80d1-00155d010e2c}" />
      <RootComponent type="92" id="{d096f7bb-c6db-e611-80ed-00155d010e2c}" />
      <RootComponent type="92" id="{d0aad50f-a93d-e611-80d9-00155d010e2c}" />
      <RootComponent type="92" id="{d15ee54d-3a29-e611-80d8-00155d010e2c}" />
      <RootComponent type="92" id="{d1d13c84-22e9-e611-80ed-00155d010e2c}" />
      <RootComponent type="92" id="{d57e7c15-ef2d-e611-80d9-00155d010e2c}" />
      <RootComponent type="92" id="{d580ea22-3fbc-e611-80e5-00155d010e2c}" />
      <RootComponent type="92" id="{d6185be5-2570-e611-80db-00155d010e2c}" />
      <RootComponent type="92" id="{d9dd2993-42fe-e611-80ef-00155d010e2c}" />
      <RootComponent type="92" id="{dc9aac4e-4c23-e711-80f1-00155d010e2c}" />
      <RootComponent type="92" id="{de846b8c-92f4-e511-80d2-00155d010e2c}" />
      <RootComponent type="92" id="{ded5ba62-03e5-e511-80d1-00155d010e2c}" />
      <RootComponent type="92" id="{df7d6698-22d5-e511-80ce-00155d010e2c}" />
      <RootComponent type="92" id="{e1ff10c3-16e1-e611-80ed-00155d010e2c}" />
      <RootComponent type="92" id="{e59567a3-0470-e611-80db-00155d010e2c}" />
      <RootComponent type="92" id="{e62a4a28-8084-e611-80dc-00155d010e2c}" />
      <RootComponent type="92" id="{ea2a4a28-8084-e611-80dc-00155d010e2c}" />
      <RootComponent type="92" id="{eccb3061-fb47-e611-80da-00155d010e2c}" />
      <RootComponent type="92" id="{eefcd5db-063a-e711-80f2-00155d010e2c}" />
      <RootComponent type="92" id="{ef963749-22ec-e511-80d1-00155d010e2c}" />
      <RootComponent type="92" id="{efb4ccd5-8e58-e611-80db-00155d010e2c}" />
      <RootComponent type="92" id="{f02a4a28-8084-e611-80dc-00155d010e2c}" />
      <RootComponent type="92" id="{f1423150-c612-e711-80ef-00155d010e2c}" />
      <RootComponent type="92" id="{f1a8456c-138a-e611-80dd-00155d010e2c}" />
      <RootComponent type="92" id="{f1b5692c-b21d-e711-80f0-00155d010e2c}" />
      <RootComponent type="92" id="{f3125229-56d9-e611-80eb-00155d010e2c}" />
      <RootComponent type="92" id="{f4345792-0870-e611-80db-00155d010e2c}" />
      <RootComponent type="92" id="{f4b9981e-d870-e611-80db-00155d010e2c}" />
      <RootComponent type="92" id="{f5b5692c-b21d-e711-80f0-00155d010e2c}" />
      <RootComponent type="92" id="{f88ce24a-3959-e611-80db-00155d010e2c}" />
      <RootComponent type="92" id="{f8d25311-4768-e611-80db-00155d010e2c}" />
      <RootComponent type="92" id="{fb42bfd9-c7ed-e611-80ee-00155d010e2c}" />
      <RootComponent type="92" id="{fbbf4c80-cc3d-e611-80d9-00155d010e2c}" />
      <RootComponent type="92" id="{ff351155-4de1-e611-80ed-00155d010e2c}" />
    </RootComponents>
    <MissingDependencies>
      <MissingDependency>
        <Required key="0" type="1" schemaName="gsc_sls_orderaccessory" displayName="Order Accessory" solution="Active" />
        <Dependent key="1" type="93" id="{08fd6d49-3119-e711-80f0-00155d010e2c}" />
      </MissingDependency>
      <MissingDependency>
        <Required key="2" type="1" schemaName="gsc_cmn_chargesitem" displayName="Charge Item" solution="Active" />
        <Dependent key="3" type="93" id="{0fb8a1e6-b6a7-e611-80e0-00155d010e2c}" />
      </MissingDependency>
      <MissingDependency>
        <Required key="4" type="1" schemaName="gsc_iv_vehicletransfer" displayName="Vehicle Transfer" solution="Active" />
        <Dependent key="5" type="93" id="{705b2e1a-6359-e611-80db-00155d010e2c}" />
      </MissingDependency>
      <MissingDependency>
        <Required key="6" type="1" schemaName="gsc_sls_requirementchecklist" displayName="Requirement Checklist" solution="Active" />
        <Dependent key="7" type="93" id="{3a974b14-b28b-e611-80dd-00155d010e2c}" />
      </MissingDependency>
      <MissingDependency>
        <Required key="8" type="1" schemaName="gsc_sls_monthlyamortization" displayName="ZTBD_Monthly Amortization" solution="Active" />
        <Dependent key="9" type="93" id="{2df84277-48e7-e511-80d1-00155d010e2c}" />
      </MissingDependency>
      <MissingDependency>
        <Required key="10" type="1" schemaName="gsc_iv_vehicletransferdetails" displayName="Vehicle Transfer Details" solution="Active" />
        <Dependent key="11" type="93" id="{f2fcd5db-063a-e711-80f2-00155d010e2c}" />
      </MissingDependency>
      <MissingDependency>
        <Required key="12" type="1" schemaName="gsc_cmn_ordercharge" displayName="Order Charge" solution="Active" />
        <Dependent key="13" type="93" id="{ca3c94f0-bee9-e511-80d1-00155d010e2c}" />
      </MissingDependency>
      <MissingDependency>
        <Required key="14" type="1" schemaName="gsc_sls_salesdocument" displayName="Sales Document" solution="Active" />
        <Dependent key="15" type="93" id="{f5a8456c-138a-e611-80dd-00155d010e2c}" />
      </MissingDependency>
      <MissingDependency>
        <Required key="16" type="1" schemaName="gsc_cmn_approversetup" displayName="Approver Setup" solution="Active" />
        <Dependent key="17" type="93" id="{b0017ebf-062f-e711-80f2-00155d010e2c}" />
      </MissingDependency>
      <MissingDependency>
        <Required key="18" type="1" schemaName="gsc_sls_vehicleadjustmentvarianceentry" displayName="Vehicle Adjustment/Variance Entry" solution="Active" />
        <Dependent key="19" type="93" id="{50c07a74-5f6e-e611-80db-00155d010e2c}" />
      </MissingDependency>
      <MissingDependency>
        <Required key="20" type="1" schemaName="gsc_sls_quotecabchassis" displayName="Quote Cab Chassis" solution="Active" />
        <Dependent key="21" type="93" id="{c7ad9842-7480-e611-80dc-00155d010e2c}" />
      </MissingDependency>
      <MissingDependency>
        <Required key="22" type="1" schemaName="gsc_cmn_purchaseorderitemdetails" displayName="Purchase Order Detail" solution="Active" />
        <Dependent key="23" type="93" id="{10ede88d-66e8-e611-80ed-00155d010e2c}" />
      </MissingDependency>
      <MissingDependency>
        <Required key="24" type="1" schemaName="gsc_cmn_transactedvehicle" displayName="Transacted Vehicle" solution="Active" />
        <Dependent key="25" type="93" id="{9464fd3a-23bd-e611-80e5-00155d010e2c}" />
      </MissingDependency>
      <MissingDependency>
        <Required key="26" type="1" schemaName="gsc_cmn_quotediscount" displayName="Quote Discount" solution="Active" />
        <Dependent key="27" type="93" id="{5b77c78a-a8e9-e511-80d1-00155d010e2c}" />
      </MissingDependency>
      <MissingDependency>
        <Required key="28" type="1" schemaName="gsc_cmn_receivingtransaction" displayName="Receiving Transaction" solution="Active" />
        <Dependent key="29" type="93" id="{f0cb3061-fb47-e611-80da-00155d010e2c}" />
      </MissingDependency>
      <MissingDependency>
        <Required key="30" type="1" schemaName="gsc_iv_vehiclecountentrydetails" displayName="Vehicle Count Entry Details" solution="Active" />
        <Dependent key="31" type="93" id="{f8b9981e-d870-e611-80db-00155d010e2c}" />
      </MissingDependency>
      <MissingDependency>
        <Required key="14" type="1" schemaName="gsc_sls_salesdocument" displayName="Sales Document" solution="Active" />
        <Dependent key="32" type="93" id="{f4a8456c-138a-e611-80dd-00155d010e2c}" />
      </MissingDependency>
      <MissingDependency>
        <Required key="33" type="1" schemaName="gsc_sls_vehiclepostdeliverymonitoring" displayName="Vehicle Post-Delivery Monitoring" solution="Active" />
        <Dependent key="34" type="93" id="{aa96afd4-6f29-e611-80d8-00155d010e2c}" />
      </MissingDependency>
      <MissingDependency>
        <Required key="35" type="1" schemaName="gsc_sls_ordercabchassis" displayName="Order Cab Chassis" solution="Active" />
        <Dependent key="36" type="93" id="{16b779a4-cb19-e711-80f0-00155d010e2c}" />
      </MissingDependency>
      <MissingDependency>
        <Required key="37" type="1" schemaName="gsc_iv_vehiclecountentry" displayName="Vehicle Count Entry" solution="Active" />
        <Dependent key="38" type="93" id="{335d916e-a474-e611-80dc-00155d010e2c}" />
      </MissingDependency>
      <MissingDependency>
        <Required key="39" type="1" schemaName="gsc_cmn_insurancecoverage" displayName="Insurance Coverage" solution="Active" />
        <Dependent key="40" type="93" id="{9e0258fd-10a7-e611-80e0-00155d010e2c}" />
      </MissingDependency>
      <MissingDependency>
        <Required key="41" type="1" schemaName="gsc_sls_vehicleclaim" displayName="Vehicle Claim" solution="Active" />
        <Dependent key="42" type="93" id="{5d41e5a1-b720-e611-80d8-00155d010e2c}" />
      </MissingDependency>
      <MissingDependency>
        <Required key="43" type="1" schemaName="gsc_cmn_purchaseorder" displayName="Purchase Order" solution="Active" />
        <Dependent key="44" type="93" id="{821376c3-3ee4-e611-80ed-00155d010e2c}" />
      </MissingDependency>
      <MissingDependency>
        <Required key="45" type="1" schemaName="gsc_cmn_taxmaintenance" displayName="Tax Maintenance" solution="Active" />
        <Dependent key="46" type="93" id="{ce96f7bb-c6db-e611-80ed-00155d010e2c}" />
      </MissingDependency>
      <MissingDependency>
        <Required key="28" type="1" schemaName="gsc_cmn_receivingtransaction" displayName="Receiving Transaction" solution="Active" />
        <Dependent key="47" type="93" id="{efcb3061-fb47-e611-80da-00155d010e2c}" />
      </MissingDependency>
      <MissingDependency>
        <Required key="48" type="1" schemaName="gsc_cmn_quotecharge" displayName="Quote Charge" solution="Active" />
        <Dependent key="49" type="93" id="{6bb25571-b5e9-e511-80d1-00155d010e2c}" />
      </MissingDependency>
      <MissingDependency>
        <Required key="43" type="1" schemaName="gsc_cmn_purchaseorder" displayName="Purchase Order" solution="Active" />
        <Dependent key="50" type="93" id="{811376c3-3ee4-e611-80ed-00155d010e2c}" />
      </MissingDependency>
      <MissingDependency>
        <Required key="51" type="1" schemaName="gsc_iv_productquantity" displayName="Product Quantity" solution="Active" />
        <Dependent key="52" type="93" id="{d4d13c84-22e9-e611-80ed-00155d010e2c}" />
      </MissingDependency>
      <MissingDependency>
        <Required key="53" type="1" schemaName="gsc_iv_vehicleintransittransferreceiving" displayName="Vehicle In-Transit Transfer Receiving" solution="Active" />
        <Dependent key="54" type="93" id="{f7345792-0870-e611-80db-00155d010e2c}" />
      </MissingDependency>
      <MissingDependency>
        <Required key="55" type="1" schemaName="gsc_cmn_salesorderdiscount" displayName="Order Discount" solution="Active" />
        <Dependent key="56" type="93" id="{bd3c94f0-bee9-e511-80d1-00155d010e2c}" />
      </MissingDependency>
      <MissingDependency>
        <Required key="39" type="1" schemaName="gsc_cmn_insurancecoverage" displayName="Insurance Coverage" solution="Active" />
        <Dependent key="57" type="93" id="{9d0258fd-10a7-e611-80e0-00155d010e2c}" />
      </MissingDependency>
      <MissingDependency>
        <Required key="58" type="1" schemaName="gsc_cmn_receivingtransactiondetail" displayName="Receiving Transaction Detail" solution="Active" />
        <Dependent key="59" type="93" id="{29ff48e6-e4e9-e611-80ed-00155d010e2c}" />
      </MissingDependency>
      <MissingDependency>
        <Required key="60" type="1" schemaName="gsc_sls_vehiclesalesreturn" displayName="Vehicle Sales Return" solution="Active" />
        <Dependent key="61" type="93" id="{4edf96cf-7c28-e611-80d8-00155d010e2c}" />
      </MissingDependency>
      <MissingDependency>
        <Required key="6" type="1" schemaName="gsc_sls_requirementchecklist" displayName="Requirement Checklist" solution="Active" />
        <Dependent key="62" type="93" id="{39974b14-b28b-e611-80dd-00155d010e2c}" />
      </MissingDependency>
      <MissingDependency>
        <Required key="63" type="1" schemaName="gsc_sls_committedfirmorderquantitydetail" displayName="Committed Firm Order Quantity Detail" solution="Active" />
        <Dependent key="64" type="93" id="{acefe286-ce03-e711-80ef-00155d010e2c}" />
      </MissingDependency>
      <MissingDependency>
        <Required key="16" type="1" schemaName="gsc_cmn_approversetup" displayName="Approver Setup" solution="Active" />
        <Dependent key="65" type="93" id="{b1017ebf-062f-e711-80f2-00155d010e2c}" />
      </MissingDependency>
      <MissingDependency>
        <Required key="66" type="1" schemaName="gsc_sls_shippingclaim" displayName="Shipping Claim" solution="Active" />
        <Dependent key="67" type="93" id="{fc8ce24a-3959-e611-80db-00155d010e2c}" />
      </MissingDependency>
      <MissingDependency>
        <Required key="60" type="1" schemaName="gsc_sls_vehiclesalesreturn" displayName="Vehicle Sales Return" solution="Active" />
        <Dependent key="68" type="93" id="{87378ad5-7b29-e611-80d8-00155d010e2c}" />
      </MissingDependency>
      <MissingDependency>
        <Required key="63" type="1" schemaName="gsc_sls_committedfirmorderquantitydetail" displayName="Committed Firm Order Quantity Detail" solution="Active" />
        <Dependent key="69" type="93" id="{dcdd2993-42fe-e611-80ef-00155d010e2c}" />
      </MissingDependency>
      <MissingDependency>
        <Required key="70" type="1" schemaName="gsc_iv_vehiclecountschedule" displayName="Vehicle Count Schedule" solution="Active" />
        <Dependent key="71" type="93" id="{29f31271-bd69-e611-80db-00155d010e2c}" />
      </MissingDependency>
      <MissingDependency>
        <Required key="72" type="1" schemaName="gsc_sls_documentchecklist" displayName="Document Checklist" solution="Active" />
        <Dependent key="73" type="93" id="{34f84277-48e7-e511-80d1-00155d010e2c}" />
      </MissingDependency>
      <MissingDependency>
        <Required key="33" type="1" schemaName="gsc_sls_vehiclepostdeliverymonitoring" displayName="Vehicle Post-Delivery Monitoring" solution="Active" />
        <Dependent key="74" type="93" id="{ab96afd4-6f29-e611-80d8-00155d010e2c}" />
      </MissingDependency>
      <MissingDependency>
        <Required key="75" type="1" schemaName="gsc_sls_cashreceipt" displayName="Cash Receipt" solution="Active" />
        <Dependent key="76" type="93" id="{d87e7c15-ef2d-e611-80d9-00155d010e2c}" />
      </MissingDependency>
      <MissingDependency>
        <Required key="77" type="1" schemaName="gsc_sls_gvd" displayName="General Vehicle Data" solution="Active" />
        <Dependent key="78" type="93" id="{c3f7fcc2-fbd9-e611-80ed-00155d010e2c}" />
      </MissingDependency>
      <MissingDependency>
        <Required key="4" type="1" schemaName="gsc_iv_vehicletransfer" displayName="Vehicle Transfer" solution="Active" />
        <Dependent key="79" type="93" id="{715b2e1a-6359-e611-80db-00155d010e2c}" />
      </MissingDependency>
      <MissingDependency>
        <Required key="58" type="1" schemaName="gsc_cmn_receivingtransactiondetail" displayName="Receiving Transaction Detail" solution="Active" />
        <Dependent key="80" type="93" id="{28ff48e6-e4e9-e611-80ed-00155d010e2c}" />
      </MissingDependency>
      <MissingDependency>
        <Required key="81" type="1" schemaName="gsc_sls_ordermonthlyamortization" displayName="Order Monthly Amortization" solution="Active" />
        <Dependent key="82" type="93" id="{3ac01888-cafb-e511-80d2-00155d010e2c}" />
      </MissingDependency>
      <MissingDependency>
        <Required key="63" type="1" schemaName="gsc_sls_committedfirmorderquantitydetail" displayName="Committed Firm Order Quantity Detail" solution="Active" />
        <Dependent key="83" type="93" id="{dddd2993-42fe-e611-80ef-00155d010e2c}" />
      </MissingDependency>
      <MissingDependency>
        <Required key="48" type="1" schemaName="gsc_cmn_quotecharge" displayName="Quote Charge" solution="Active" />
        <Dependent key="84" type="93" id="{6ab25571-b5e9-e511-80d1-00155d010e2c}" />
      </MissingDependency>
      <MissingDependency>
        <Required key="85" type="1" schemaName="gsc_iv_inventory" displayName="Inventory" solution="Active" />
        <Dependent key="86" type="93" id="{72cc114f-4de1-e611-80ed-00155d010e2c}" />
      </MissingDependency>
      <MissingDependency>
        <Required key="75" type="1" schemaName="gsc_sls_cashreceipt" displayName="Cash Receipt" solution="Active" />
        <Dependent key="87" type="93" id="{d97e7c15-ef2d-e611-80d9-00155d010e2c}" />
      </MissingDependency>
      <MissingDependency>
        <Required key="88" type="1" schemaName="gsc_sls_quoteaccessory" displayName="Quote Accessory" solution="Active" />
        <Dependent key="89" type="93" id="{ee2a4a28-8084-e611-80dc-00155d010e2c}" />
      </MissingDependency>
      <MissingDependency>
        <Required key="90" type="1" schemaName="gsc_iv_vehicleintransittransfer" displayName="Vehicle In-Transit Transfer" solution="Active" />
        <Dependent key="91" type="93" id="{4443c522-1669-e611-80db-00155d010e2c}" />
      </MissingDependency>
      <MissingDependency>
        <Required key="20" type="1" schemaName="gsc_sls_quotecabchassis" displayName="Quote Cab Chassis" solution="Active" />
        <Dependent key="92" type="93" id="{c8ad9842-7480-e611-80dc-00155d010e2c}" />
      </MissingDependency>
      <MissingDependency>
        <Required key="72" type="1" schemaName="gsc_sls_documentchecklist" displayName="Document Checklist" solution="Active" />
        <Dependent key="93" type="93" id="{33f84277-48e7-e511-80d1-00155d010e2c}" />
      </MissingDependency>
      <MissingDependency>
        <Required key="88" type="1" schemaName="gsc_sls_quoteaccessory" displayName="Quote Accessory" solution="Active" />
        <Dependent key="94" type="93" id="{ed2a4a28-8084-e611-80dc-00155d010e2c}" />
      </MissingDependency>
      <MissingDependency>
        <Required key="95" type="1" schemaName="gsc_sls_committedfirmorderquantity" displayName="Committed Firm Order Quantity" solution="Active" />
        <Dependent key="96" type="93" id="{595e38cf-043d-e611-80d9-00155d010e2c}" />
      </MissingDependency>
      <MissingDependency>
        <Required key="97" type="1" schemaName="gsc_sls_quotemonthlyamortization" displayName="Quote Monthly Amortization" solution="Active" />
        <Dependent key="98" type="93" id="{f3963749-22ec-e511-80d1-00155d010e2c}" />
      </MissingDependency>
      <MissingDependency>
        <Required key="55" type="1" schemaName="gsc_cmn_salesorderdiscount" displayName="Order Discount" solution="Active" />
        <Dependent key="99" type="93" id="{bc3c94f0-bee9-e511-80d1-00155d010e2c}" />
      </MissingDependency>
      <MissingDependency>
        <Required key="60" type="1" schemaName="gsc_sls_vehiclesalesreturn" displayName="Vehicle Sales Return" solution="Active" />
        <Dependent key="100" type="93" id="{4fdf96cf-7c28-e611-80d8-00155d010e2c}" />
      </MissingDependency>
      <MissingDependency>
        <Required key="66" type="1" schemaName="gsc_sls_shippingclaim" displayName="Shipping Claim" solution="Active" />
        <Dependent key="101" type="93" id="{fb8ce24a-3959-e611-80db-00155d010e2c}" />
      </MissingDependency>
      <MissingDependency>
        <Required key="51" type="1" schemaName="gsc_iv_productquantity" displayName="Product Quantity" solution="Active" />
        <Dependent key="102" type="93" id="{3ca13e8a-22e9-e611-80ed-00155d010e2c}" />
      </MissingDependency>
      <MissingDependency>
        <Required key="95" type="1" schemaName="gsc_sls_committedfirmorderquantity" displayName="Committed Firm Order Quantity" solution="Active" />
        <Dependent key="103" type="93" id="{585e38cf-043d-e611-80d9-00155d010e2c}" />
      </MissingDependency>
      <MissingDependency>
        <Required key="24" type="1" schemaName="gsc_cmn_transactedvehicle" displayName="Transacted Vehicle" solution="Active" />
        <Dependent key="104" type="93" id="{9564fd3a-23bd-e611-80e5-00155d010e2c}" />
      </MissingDependency>
      <MissingDependency>
        <Required key="97" type="1" schemaName="gsc_sls_quotemonthlyamortization" displayName="Quote Monthly Amortization" solution="Active" />
        <Dependent key="105" type="93" id="{f2963749-22ec-e511-80d1-00155d010e2c}" />
      </MissingDependency>
      <MissingDependency>
        <Required key="35" type="1" schemaName="gsc_sls_ordercabchassis" displayName="Order Cab Chassis" solution="Active" />
        <Dependent key="106" type="93" id="{15b779a4-cb19-e711-80f0-00155d010e2c}" />
      </MissingDependency>
      <MissingDependency>
        <Required key="41" type="1" schemaName="gsc_sls_vehicleclaim" displayName="Vehicle Claim" solution="Active" />
        <Dependent key="107" type="93" id="{5e41e5a1-b720-e611-80d8-00155d010e2c}" />
      </MissingDependency>
      <MissingDependency>
        <Required key="45" type="1" schemaName="gsc_cmn_taxmaintenance" displayName="Tax Maintenance" solution="Active" />
        <Dependent key="108" type="93" id="{cd96f7bb-c6db-e611-80ed-00155d010e2c}" />
      </MissingDependency>
      <MissingDependency>
        <Required key="53" type="1" schemaName="gsc_iv_vehicleintransittransferreceiving" displayName="Vehicle In-Transit Transfer Receiving" solution="Active" />
        <Dependent key="109" type="93" id="{f8345792-0870-e611-80db-00155d010e2c}" />
      </MissingDependency>
      <MissingDependency>
        <Required key="110" type="1" schemaName="gsc_sls_adjustmentvariancedetail" displayName="Vehicle Adjustment/Variance Entry Detail" solution="Active" />
        <Dependent key="111" type="93" id="{8ac92a0e-8ed8-e611-80ea-00155d010e2c}" />
      </MissingDependency>
      <MissingDependency>
        <Required key="37" type="1" schemaName="gsc_iv_vehiclecountentry" displayName="Vehicle Count Entry" solution="Active" />
        <Dependent key="112" type="93" id="{345d916e-a474-e611-80dc-00155d010e2c}" />
      </MissingDependency>
      <MissingDependency>
        <Required key="77" type="1" schemaName="gsc_sls_gvd" displayName="General Vehicle Data" solution="Active" />
        <Dependent key="113" type="93" id="{c4f7fcc2-fbd9-e611-80ed-00155d010e2c}" />
      </MissingDependency>
      <MissingDependency>
        <Required key="12" type="1" schemaName="gsc_cmn_ordercharge" displayName="Order Charge" solution="Active" />
        <Dependent key="114" type="93" id="{cb3c94f0-bee9-e511-80d1-00155d010e2c}" />
      </MissingDependency>
      <MissingDependency>
        <Required key="22" type="1" schemaName="gsc_cmn_purchaseorderitemdetails" displayName="Purchase Order Detail" solution="Active" />
        <Dependent key="115" type="93" id="{0fede88d-66e8-e611-80ed-00155d010e2c}" />
      </MissingDependency>
      <MissingDependency>
        <Required key="116" type="1" schemaName="gsc_sls_orderplanningdetail" displayName="Order Planning Detail" solution="Active" />
        <Dependent key="117" type="93" id="{08d8d55c-712c-e611-80d9-00155d010e2c}" />
      </MissingDependency>
      <MissingDependency>
        <Required key="116" type="1" schemaName="gsc_sls_orderplanningdetail" displayName="Order Planning Detail" solution="Active" />
        <Dependent key="118" type="93" id="{09d8d55c-712c-e611-80d9-00155d010e2c}" />
      </MissingDependency>
      <MissingDependency>
        <Required key="8" type="1" schemaName="gsc_sls_monthlyamortization" displayName="ZTBD_Monthly Amortization" solution="Active" />
        <Dependent key="119" type="93" id="{2ef84277-48e7-e511-80d1-00155d010e2c}" />
      </MissingDependency>
      <MissingDependency>
        <Required key="70" type="1" schemaName="gsc_iv_vehiclecountschedule" displayName="Vehicle Count Schedule" solution="Active" />
        <Dependent key="120" type="93" id="{2af31271-bd69-e611-80db-00155d010e2c}" />
      </MissingDependency>
      <MissingDependency>
        <Required key="121" type="1" schemaName="gsc_cmn_returntransaction" displayName="Return Transaction" solution="Active" />
        <Dependent key="122" type="93" id="{72f30b9a-cf4c-e611-80da-00155d010e2c}" />
      </MissingDependency>
      <MissingDependency>
        <Required key="81" type="1" schemaName="gsc_sls_ordermonthlyamortization" displayName="Order Monthly Amortization" solution="Active" />
        <Dependent key="123" type="93" id="{3bc01888-cafb-e511-80d2-00155d010e2c}" />
      </MissingDependency>
      <MissingDependency>
        <Required key="85" type="1" schemaName="gsc_iv_inventory" displayName="Inventory" solution="Active" />
        <Dependent key="124" type="93" id="{71cc114f-4de1-e611-80ed-00155d010e2c}" />
      </MissingDependency>
      <MissingDependency>
        <Required key="26" type="1" schemaName="gsc_cmn_quotediscount" displayName="Quote Discount" solution="Active" />
        <Dependent key="125" type="93" id="{5a77c78a-a8e9-e511-80d1-00155d010e2c}" />
      </MissingDependency>
      <MissingDependency>
        <Required key="0" type="1" schemaName="gsc_sls_orderaccessory" displayName="Order Accessory" solution="Active" />
        <Dependent key="126" type="93" id="{09fd6d49-3119-e711-80f0-00155d010e2c}" />
      </MissingDependency>
      <MissingDependency>
        <Required key="121" type="1" schemaName="gsc_cmn_returntransaction" displayName="Return Transaction" solution="Active" />
        <Dependent key="127" type="93" id="{73f30b9a-cf4c-e611-80da-00155d010e2c}" />
      </MissingDependency>
      <MissingDependency>
        <Required key="128" type="1" schemaName="gsc_sls_orderplanning" displayName="Order Planning" solution="Active" />
        <Dependent key="129" type="93" id="{3676ce30-6f28-e611-80d8-00155d010e2c}" />
      </MissingDependency>
      <MissingDependency>
        <Required key="110" type="1" schemaName="gsc_sls_adjustmentvariancedetail" displayName="Vehicle Adjustment/Variance Entry Detail" solution="Active" />
        <Dependent key="130" type="93" id="{89c92a0e-8ed8-e611-80ea-00155d010e2c}" />
      </MissingDependency>
      <MissingDependency>
        <Required key="30" type="1" schemaName="gsc_iv_vehiclecountentrydetails" displayName="Vehicle Count Entry Details" solution="Active" />
        <Dependent key="131" type="93" id="{f7b9981e-d870-e611-80db-00155d010e2c}" />
      </MissingDependency>
      <MissingDependency>
        <Required key="10" type="1" schemaName="gsc_iv_vehicletransferdetails" displayName="Vehicle Transfer Details" solution="Active" />
        <Dependent key="132" type="93" id="{f1fcd5db-063a-e711-80f2-00155d010e2c}" />
      </MissingDependency>
      <MissingDependency>
        <Required key="90" type="1" schemaName="gsc_iv_vehicleintransittransfer" displayName="Vehicle In-Transit Transfer" solution="Active" />
        <Dependent key="133" type="93" id="{4543c522-1669-e611-80db-00155d010e2c}" />
      </MissingDependency>
      <MissingDependency>
        <Required key="18" type="1" schemaName="gsc_sls_vehicleadjustmentvarianceentry" displayName="Vehicle Adjustment/Variance Entry" solution="Active" />
        <Dependent key="134" type="93" id="{4fc07a74-5f6e-e611-80db-00155d010e2c}" />
      </MissingDependency>
      <MissingDependency>
        <Required key="128" type="1" schemaName="gsc_sls_orderplanning" displayName="Order Planning" solution="Active" />
        <Dependent key="135" type="93" id="{3576ce30-6f28-e611-80d8-00155d010e2c}" />
      </MissingDependency>
      <MissingDependency>
        <Required key="2" type="1" schemaName="gsc_cmn_chargesitem" displayName="Charge Item" solution="Active" />
        <Dependent key="136" type="93" id="{0eb8a1e6-b6a7-e611-80e0-00155d010e2c}" />
      </MissingDependency>
      <MissingDependency>
        <Required key="137" type="2" schemaName="gsc_productid" displayName="Description" parentSchemaName="gsc_sls_orderaccessory" parentDisplayName="Order Accessory" solution="Active" />
        <Dependent key="1" type="93" id="{08fd6d49-3119-e711-80f0-00155d010e2c}" />
      </MissingDependency>
      <MissingDependency>
        <Required key="137" type="2" schemaName="gsc_productid" displayName="Description" parentSchemaName="gsc_sls_orderaccessory" parentDisplayName="Order Accessory" solution="Active" />
        <Dependent key="126" type="93" id="{09fd6d49-3119-e711-80f0-00155d010e2c}" />
      </MissingDependency>
      <MissingDependency>
        <Required key="43" type="1" schemaName="gsc_cmn_purchaseorder" displayName="Purchase Order" solution="Active" />
        <Dependent key="138" type="92" displayName="Post-Operation of Purchase Order Update" id="{7e1376c3-3ee4-e611-80ed-00155d010e2c}" />
      </MissingDependency>
      <MissingDependency>
        <Required key="48" type="1" schemaName="gsc_cmn_quotecharge" displayName="Quote Charge" solution="Active" />
        <Dependent key="139" type="92" displayName="Post-Operation of Quote Charge Create" id="{63b25571-b5e9-e511-80d1-00155d010e2c}" />
      </MissingDependency>
      <MissingDependency>
        <Required key="121" type="1" schemaName="gsc_cmn_returntransaction" displayName="Return Transaction" solution="Active" />
        <Dependent key="140" type="92" displayName="Pre-Validation of Return Transaction Delete" id="{fb42bfd9-c7ed-e611-80ee-00155d010e2c}" />
      </MissingDependency>
      <MissingDependency>
        <Required key="58" type="1" schemaName="gsc_cmn_receivingtransactiondetail" displayName="Receiving Transaction Detail" solution="Active" />
        <Dependent key="141" type="92" displayName="Post-Operation of Receiving Transaction Detail Update" id="{25ff48e6-e4e9-e611-80ed-00155d010e2c}" />
      </MissingDependency>
      <MissingDependency>
        <Required key="8" type="1" schemaName="gsc_sls_monthlyamortization" displayName="ZTBD_Monthly Amortization" solution="Active" />
        <Dependent key="142" type="92" displayName="Post-Operation of Monthly Amortization Update" id="{2af84277-48e7-e511-80d1-00155d010e2c}" />
      </MissingDependency>
      <MissingDependency>
        <Required key="85" type="1" schemaName="gsc_iv_inventory" displayName="Inventory" solution="Active" />
        <Dependent key="143" type="92" displayName="Pre-Validation of Inventory Create" id="{ff351155-4de1-e611-80ed-00155d010e2c}" />
      </MissingDependency>
      <MissingDependency>
        <Required key="4" type="1" schemaName="gsc_iv_vehicletransfer" displayName="Vehicle Transfer" solution="Active" />
        <Dependent key="144" type="92" displayName="Pre-Validation of Vehicle Transfer Create" id="{18da5ffc-d157-e611-80db-00155d010e2c}" />
      </MissingDependency>
      <MissingDependency>
        <Required key="26" type="1" schemaName="gsc_cmn_quotediscount" displayName="Quote Discount" solution="Active" />
        <Dependent key="145" type="92" displayName="Pre-Validation of Quote Discount Delete" id="{5d77c78a-a8e9-e511-80d1-00155d010e2c}" />
      </MissingDependency>
      <MissingDependency>
        <Required key="35" type="1" schemaName="gsc_sls_ordercabchassis" displayName="Order Cab Chassis" solution="Active" />
        <Dependent key="146" type="92" displayName="Post-Operation of Order Cab Chassis Create" id="{0fb779a4-cb19-e711-80f0-00155d010e2c}" />
      </MissingDependency>
      <MissingDependency>
        <Required key="110" type="1" schemaName="gsc_sls_adjustmentvariancedetail" displayName="Vehicle Adjustment/Variance Entry Detail" solution="Active" />
        <Dependent key="147" type="92" displayName="Pre-Operation of Vehicle Adjustment/Variance Entry Detail Create" id="{0b5cfa00-296f-e611-80db-00155d010e2c}" />
      </MissingDependency>
      <MissingDependency>
        <Required key="60" type="1" schemaName="gsc_sls_vehiclesalesreturn" displayName="Vehicle Sales Return" solution="Active" />
        <Dependent key="148" type="92" displayName="Pre-Operation of Vehicle Sales Return Create" id="{970c20e1-ebd2-e611-80e7-00155d010e2c}" />
      </MissingDependency>
      <MissingDependency>
        <Required key="63" type="1" schemaName="gsc_sls_committedfirmorderquantitydetail" displayName="Committed Firm Order Quantity Detail" solution="Active" />
        <Dependent key="149" type="92" displayName="Pre-Operation of Committed Firm Order Quantity Detail Create" id="{b13872c5-8ffd-e611-80ef-00155d010e2c}" />
      </MissingDependency>
      <MissingDependency>
        <Required key="24" type="1" schemaName="gsc_cmn_transactedvehicle" displayName="Transacted Vehicle" solution="Active" />
        <Dependent key="150" type="92" displayName="Post-Operation of Transacted Vehicle Update" id="{45be0235-23bd-e611-80e5-00155d010e2c}" />
      </MissingDependency>
      <MissingDependency>
        <Required key="22" type="1" schemaName="gsc_cmn_purchaseorderitemdetails" displayName="Purchase Order Detail" solution="Active" />
        <Dependent key="151" type="92" displayName="Pre-Operation of Purchase Order Detail Delete" id="{6abe3955-64e7-e611-80ed-00155d010e2c}" />
      </MissingDependency>
      <MissingDependency>
        <Required key="63" type="1" schemaName="gsc_sls_committedfirmorderquantitydetail" displayName="Committed Firm Order Quantity Detail" solution="Active" />
        <Dependent key="152" type="92" displayName="Pre-Validation of Committed Firm Order Quantity Detail Delete" id="{9c6def01-c4ff-e611-80ef-00155d010e2c}" />
      </MissingDependency>
      <MissingDependency>
        <Required key="85" type="1" schemaName="gsc_iv_inventory" displayName="Inventory" solution="Active" />
        <Dependent key="153" type="92" displayName="Post-Operation of Inventory Update" id="{6ecc114f-4de1-e611-80ed-00155d010e2c}" />
      </MissingDependency>
      <MissingDependency>
        <Required key="51" type="1" schemaName="gsc_iv_productquantity" displayName="Product Quantity" solution="Active" />
        <Dependent key="154" type="92" displayName="Post-Operation of Product Quantity Update" id="{d1d13c84-22e9-e611-80ed-00155d010e2c}" />
      </MissingDependency>
      <MissingDependency>
        <Required key="77" type="1" schemaName="gsc_sls_gvd" displayName="General Vehicle Data" solution="Active" />
        <Dependent key="155" type="92" displayName="Post-Operation of General Vehicle Data Update" id="{c0f7fcc2-fbd9-e611-80ed-00155d010e2c}" />
      </MissingDependency>
      <MissingDependency>
        <Required key="156" type="1" schemaName="gsc_iv_inventoryhistory" displayName="Inventory History" solution="Active" />
        <Dependent key="157" type="92" displayName="Pre-Operation of Inventory History Create" id="{65a3638e-e80a-e711-80ef-00155d010e2c}" />
      </MissingDependency>
      <MissingDependency>
        <Required key="37" type="1" schemaName="gsc_iv_vehiclecountentry" displayName="Vehicle Count Entry" solution="Active" />
        <Dependent key="158" type="92" displayName="Post-Operation of Vehicle Count Entry Update" id="{305d916e-a474-e611-80dc-00155d010e2c}" />
      </MissingDependency>
      <MissingDependency>
        <Required key="43" type="1" schemaName="gsc_cmn_purchaseorder" displayName="Purchase Order" solution="Active" />
        <Dependent key="159" type="92" displayName="Post-Operation of Purchase Order Create" id="{760827f2-1144-e611-80da-00155d010e2c}" />
      </MissingDependency>
      <MissingDependency>
        <Required key="20" type="1" schemaName="gsc_sls_quotecabchassis" displayName="Quote Cab Chassis" solution="Active" />
        <Dependent key="160" type="92" displayName="Post-Operation of Quote Cab Chassis Create" id="{357ca574-60c2-e611-80e5-00155d010e2c}" />
      </MissingDependency>
      <MissingDependency>
        <Required key="55" type="1" schemaName="gsc_cmn_salesorderdiscount" displayName="Order Discount" solution="Active" />
        <Dependent key="161" type="92" displayName="Pre-Validation of Order Discount Delete" id="{bf3c94f0-bee9-e511-80d1-00155d010e2c}" />
      </MissingDependency>
      <MissingDependency>
        <Required key="55" type="1" schemaName="gsc_cmn_salesorderdiscount" displayName="Order Discount" solution="Active" />
        <Dependent key="162" type="92" displayName="Post-Operation of Order Discount Create" id="{b53c94f0-bee9-e511-80d1-00155d010e2c}" />
      </MissingDependency>
      <MissingDependency>
        <Required key="0" type="1" schemaName="gsc_sls_orderaccessory" displayName="Order Accessory" solution="Active" />
        <Dependent key="163" type="92" displayName="Post-Operation of Order Accessory Update" id="{05fd6d49-3119-e711-80f0-00155d010e2c}" />
      </MissingDependency>
      <MissingDependency>
        <Required key="35" type="1" schemaName="gsc_sls_ordercabchassis" displayName="Order Cab Chassis" solution="Active" />
        <Dependent key="164" type="92" displayName="Pre-Operation of Order Cab Chassis Create" id="{f1b5692c-b21d-e711-80f0-00155d010e2c}" />
      </MissingDependency>
      <MissingDependency>
        <Required key="60" type="1" schemaName="gsc_sls_vehiclesalesreturn" displayName="Vehicle Sales Return" solution="Active" />
        <Dependent key="165" type="92" displayName="Post-Operation of Vehicle Sales Return Update" id="{4bdf96cf-7c28-e611-80d8-00155d010e2c}" />
      </MissingDependency>
      <MissingDependency>
        <Required key="48" type="1" schemaName="gsc_cmn_quotecharge" displayName="Quote Charge" solution="Active" />
        <Dependent key="166" type="92" displayName="Pre-Validation of Quote Charge Delete" id="{6db25571-b5e9-e511-80d1-00155d010e2c}" />
      </MissingDependency>
      <MissingDependency>
        <Required key="167" type="1" schemaName="gsc_iv_allocatedvehicle" displayName="Allocated Vehicle" solution="Active" />
        <Dependent key="168" type="92" displayName="Pre-Validation of Allocated Vehicle Delete" id="{9f005011-1f5a-e611-80db-00155d010e2c}" />
      </MissingDependency>
      <MissingDependency>
        <Required key="26" type="1" schemaName="gsc_cmn_quotediscount" displayName="Quote Discount" solution="Active" />
        <Dependent key="169" type="92" displayName="Post-Operation of Quote Discount Update" id="{5777c78a-a8e9-e511-80d1-00155d010e2c}" />
      </MissingDependency>
      <MissingDependency>
        <Required key="128" type="1" schemaName="gsc_sls_orderplanning" displayName="Order Planning" solution="Active" />
        <Dependent key="170" type="92" displayName="Post-Operation of Order Planning Create" id="{2dbae9ca-be27-e611-80d8-00155d010e2c}" />
      </MissingDependency>
      <MissingDependency>
        <Required key="4" type="1" schemaName="gsc_iv_vehicletransfer" displayName="Vehicle Transfer" solution="Active" />
        <Dependent key="171" type="92" displayName="Post-Operation of Vehicle Transfer Update" id="{6d5b2e1a-6359-e611-80db-00155d010e2c}" />
      </MissingDependency>
      <MissingDependency>
        <Required key="16" type="1" schemaName="gsc_cmn_approversetup" displayName="Approver Setup" solution="Active" />
        <Dependent key="172" type="92" displayName="Pre-Operation of Approver Setup Create" id="{b6eecaa2-cce2-e611-80ed-00155d010e2c}" />
      </MissingDependency>
      <MissingDependency>
        <Required key="173" type="1" schemaName="gsc_sls_vehiclecabchassis" displayName="Vehicle Cab Chassis" solution="Active" />
        <Dependent key="174" type="92" displayName="Pre-Operation of Vehicle Cab Chassis Create" id="{189c922a-e37b-e611-80dc-00155d010e2c}" />
      </MissingDependency>
      <MissingDependency>
        <Required key="55" type="1" schemaName="gsc_cmn_salesorderdiscount" displayName="Order Discount" solution="Active" />
        <Dependent key="175" type="92" displayName="Post-Operation of Order Discount Update" id="{b93c94f0-bee9-e511-80d1-00155d010e2c}" />
      </MissingDependency>
      <MissingDependency>
        <Required key="45" type="1" schemaName="gsc_cmn_taxmaintenance" displayName="Tax Maintenance" solution="Active" />
        <Dependent key="176" type="92" displayName="Post-Operation of Tax Maintenance Create" id="{d096f7bb-c6db-e611-80ed-00155d010e2c}" />
      </MissingDependency>
      <MissingDependency>
        <Required key="6" type="1" schemaName="gsc_sls_requirementchecklist" displayName="Requirement Checklist" solution="Active" />
        <Dependent key="177" type="92" displayName="Post-Operation of Requirement Checklist Update" id="{36974b14-b28b-e611-80dd-00155d010e2c}" />
      </MissingDependency>
      <MissingDependency>
        <Required key="35" type="1" schemaName="gsc_sls_ordercabchassis" displayName="Order Cab Chassis" solution="Active" />
        <Dependent key="178" type="92" displayName="Post-Operation of Order Cab Chassis Update" id="{12b779a4-cb19-e711-80f0-00155d010e2c}" />
      </MissingDependency>
      <MissingDependency>
        <Required key="63" type="1" schemaName="gsc_sls_committedfirmorderquantitydetail" displayName="Committed Firm Order Quantity Detail" solution="Active" />
        <Dependent key="179" type="92" displayName="Post-Operation of Committed Firm Order Quantity Detail Update" id="{d9dd2993-42fe-e611-80ef-00155d010e2c}" />
      </MissingDependency>
      <MissingDependency>
        <Required key="45" type="1" schemaName="gsc_cmn_taxmaintenance" displayName="Tax Maintenance" solution="Active" />
        <Dependent key="180" type="92" displayName="Post-Operation of Tax Maintenance Update" id="{ca96f7bb-c6db-e611-80ed-00155d010e2c}" />
      </MissingDependency>
      <MissingDependency>
        <Required key="53" type="1" schemaName="gsc_iv_vehicleintransittransferreceiving" displayName="Vehicle In-Transit Transfer Receiving" solution="Active" />
        <Dependent key="181" type="92" displayName="Post-Operation of Vehicle In-Transit Transfer Receiving Update" id="{f4345792-0870-e611-80db-00155d010e2c}" />
      </MissingDependency>
      <MissingDependency>
        <Required key="43" type="1" schemaName="gsc_cmn_purchaseorder" displayName="Purchase Order" solution="Active" />
        <Dependent key="182" type="92" displayName="Pre-Validation of Purchase Order Delete" id="{d0aad50f-a93d-e611-80d9-00155d010e2c}" />
      </MissingDependency>
      <MissingDependency>
        <Required key="22" type="1" schemaName="gsc_cmn_purchaseorderitemdetails" displayName="Purchase Order Detail" solution="Active" />
        <Dependent key="183" type="92" displayName="Post-Operation of Purchase Order Detail Update" id="{0cede88d-66e8-e611-80ed-00155d010e2c}" />
      </MissingDependency>
      <MissingDependency>
        <Required key="43" type="1" schemaName="gsc_cmn_purchaseorder" displayName="Purchase Order" solution="Active" />
        <Dependent key="184" type="92" displayName="Pre-Operation of Purchase Order Create" id="{bdf194bf-97e7-e611-80ed-00155d010e2c}" />
      </MissingDependency>
      <MissingDependency>
        <Required key="22" type="1" schemaName="gsc_cmn_purchaseorderitemdetails" displayName="Purchase Order Detail" solution="Active" />
        <Dependent key="185" type="92" displayName="Post-Operation of Vehicle Purchase Order Detail Create" id="{4ade25c7-0f48-e611-80da-00155d010e2c}" />
      </MissingDependency>
      <MissingDependency>
        <Required key="75" type="1" schemaName="gsc_sls_cashreceipt" displayName="Cash Receipt" solution="Active" />
        <Dependent key="186" type="92" displayName="Post-Operation of Cash Receipt Create" id="{919a0d1d-7b16-e611-80d8-00155d010e2c}" />
      </MissingDependency>
      <MissingDependency>
        <Required key="187" type="1" schemaName="gsc_cmn_extendedpricelistitem" displayName="Extended Price List Item" solution="Active" />
        <Dependent key="188" type="92" displayName="Pre-Operation of Extended Price List Item Create" id="{c085e03e-a4f8-e611-80ee-00155d010e2c}" />
      </MissingDependency>
      <MissingDependency>
        <Required key="28" type="1" schemaName="gsc_cmn_receivingtransaction" displayName="Receiving Transaction" solution="Active" />
        <Dependent key="189" type="92" displayName="Post-Operation of Receiving Transaction Create" id="{4930d73b-a749-e611-80da-00155d010e2c}" />
      </MissingDependency>
      <MissingDependency>
        <Required key="20" type="1" schemaName="gsc_sls_quotecabchassis" displayName="Quote Cab Chassis" solution="Active" />
        <Dependent key="190" type="92" displayName="Pre-Validation of Quote Cab Chassis Delete" id="{0c337849-7480-e611-80dc-00155d010e2c}" />
      </MissingDependency>
      <MissingDependency>
        <Required key="191" type="1" schemaName="gsc_sls_prospect" displayName="zTBD_Prospect" solution="Active" />
        <Dependent key="192" type="92" displayName="Pre-Operation of Prospect Create" id="{9d1be4d0-0306-e611-80d2-00155d010e2c}" />
      </MissingDependency>
      <MissingDependency>
        <Required key="75" type="1" schemaName="gsc_sls_cashreceipt" displayName="Cash Receipt" solution="Active" />
        <Dependent key="193" type="92" displayName="Post-Operation of Post Cash Receipt Update" id="{d57e7c15-ef2d-e611-80d9-00155d010e2c}" />
      </MissingDependency>
      <MissingDependency>
        <Required key="72" type="1" schemaName="gsc_sls_documentchecklist" displayName="Document Checklist" solution="Active" />
        <Dependent key="194" type="92" displayName="Pre-Operation of Document Checklist Create" id="{29974919-11e1-e511-80d0-00155d010e2c}" />
      </MissingDependency>
      <MissingDependency>
        <Required key="66" type="1" schemaName="gsc_sls_shippingclaim" displayName="Shipping Claim" solution="Active" />
        <Dependent key="195" type="92" displayName="Post-Operation of Shipping Claim Create" id="{efb4ccd5-8e58-e611-80db-00155d010e2c}" />
      </MissingDependency>
      <MissingDependency>
        <Required key="48" type="1" schemaName="gsc_cmn_quotecharge" displayName="Quote Charge" solution="Active" />
        <Dependent key="196" type="92" displayName="Pre-Operation of Quote Charge Create" id="{de846b8c-92f4-e511-80d2-00155d010e2c}" />
      </MissingDependency>
      <MissingDependency>
        <Required key="60" type="1" schemaName="gsc_sls_vehiclesalesreturn" displayName="Vehicle Sales Return" solution="Active" />
        <Dependent key="197" type="92" displayName="Pre-Validation of Vehicle Sales Return Delete" id="{84378ad5-7b29-e611-80d8-00155d010e2c}" />
      </MissingDependency>
      <MissingDependency>
        <Required key="58" type="1" schemaName="gsc_cmn_receivingtransactiondetail" displayName="Receiving Transaction Detail" solution="Active" />
        <Dependent key="198" type="92" displayName="Pre-Operation of Receiving Transaction Detail Create" id="{fbbf4c80-cc3d-e611-80d9-00155d010e2c}" />
      </MissingDependency>
      <MissingDependency>
        <Required key="88" type="1" schemaName="gsc_sls_quoteaccessory" displayName="Quote Accessory" solution="Active" />
        <Dependent key="199" type="92" displayName="Post-Operation of Quote Accessory Update" id="{ea2a4a28-8084-e611-80dc-00155d010e2c}" />
      </MissingDependency>
      <MissingDependency>
        <Required key="26" type="1" schemaName="gsc_cmn_quotediscount" displayName="Quote Discount" solution="Active" />
        <Dependent key="200" type="92" displayName="Post-Operation of Quote Discount Create" id="{1f1a059f-95e9-e511-80d1-00155d010e2c}" />
      </MissingDependency>
      <MissingDependency>
        <Required key="28" type="1" schemaName="gsc_cmn_receivingtransaction" displayName="Receiving Transaction" solution="Active" />
        <Dependent key="201" type="92" displayName="Pre-Validation of Receiving Transaction Delete" id="{63932a46-f3e9-e611-80ed-00155d010e2c}" />
      </MissingDependency>
      <MissingDependency>
        <Required key="33" type="1" schemaName="gsc_sls_vehiclepostdeliverymonitoring" displayName="Vehicle Post-Delivery Monitoring" solution="Active" />
        <Dependent key="202" type="92" displayName="Post-Operation of Vehicle Post-Delivery Monitoring Update" id="{a796afd4-6f29-e611-80d8-00155d010e2c}" />
      </MissingDependency>
      <MissingDependency>
        <Required key="4" type="1" schemaName="gsc_iv_vehicletransfer" displayName="Vehicle Transfer" solution="Active" />
        <Dependent key="203" type="92" displayName="Pre-Validation of Vehicle Transfer Delete" id="{1354bd3e-b65a-e611-80db-00155d010e2c}" />
      </MissingDependency>
      <MissingDependency>
        <Required key="6" type="1" schemaName="gsc_sls_requirementchecklist" displayName="Requirement Checklist" solution="Active" />
        <Dependent key="204" type="92" displayName="Pre-Validation of Requirement Checklist Delete" id="{32974b14-b28b-e611-80dd-00155d010e2c}" />
      </MissingDependency>
      <MissingDependency>
        <Required key="66" type="1" schemaName="gsc_sls_shippingclaim" displayName="Shipping Claim" solution="Active" />
        <Dependent key="205" type="92" displayName="Pre-Operation of Shipping Claim Create" id="{a86fa4b5-e859-e611-80db-00155d010e2c}" />
      </MissingDependency>
      <MissingDependency>
        <Required key="18" type="1" schemaName="gsc_sls_vehicleadjustmentvarianceentry" displayName="Vehicle Adjustment/Variance Entry" solution="Active" />
        <Dependent key="206" type="92" displayName="Pre-Validation of Vehicle Adjustment/Variance Entry Delete" id="{d6185be5-2570-e611-80db-00155d010e2c}" />
      </MissingDependency>
      <MissingDependency>
        <Required key="18" type="1" schemaName="gsc_sls_vehicleadjustmentvarianceentry" displayName="Vehicle Adjustment/Variance Entry" solution="Active" />
        <Dependent key="207" type="92" displayName="Post-Operation of Vehicle Adjustment/Variance Entry Update" id="{4cc07a74-5f6e-e611-80db-00155d010e2c}" />
      </MissingDependency>
      <MissingDependency>
        <Required key="116" type="1" schemaName="gsc_sls_orderplanningdetail" displayName="Order Planning Detail" solution="Active" />
        <Dependent key="208" type="92" displayName="Post-Operation of Order Planning Detail Update" id="{05d8d55c-712c-e611-80d9-00155d010e2c}" />
      </MissingDependency>
      <MissingDependency>
        <Required key="28" type="1" schemaName="gsc_cmn_receivingtransaction" displayName="Receiving Transaction" solution="Active" />
        <Dependent key="209" type="92" displayName="Post-Operation of Receiving Transaction Update" id="{eccb3061-fb47-e611-80da-00155d010e2c}" />
      </MissingDependency>
      <MissingDependency>
        <Required key="39" type="1" schemaName="gsc_cmn_insurancecoverage" displayName="Insurance Coverage" solution="Active" />
        <Dependent key="210" type="92" displayName="Post-Operation of Insurance Coverage Create" id="{960258fd-10a7-e611-80e0-00155d010e2c}" />
      </MissingDependency>
      <MissingDependency>
        <Required key="12" type="1" schemaName="gsc_cmn_ordercharge" displayName="Order Charge" solution="Active" />
        <Dependent key="211" type="92" displayName="Post-Operation of Order Charge Create" id="{c33c94f0-bee9-e511-80d1-00155d010e2c}" />
      </MissingDependency>
      <MissingDependency>
        <Required key="110" type="1" schemaName="gsc_sls_adjustmentvariancedetail" displayName="Vehicle Adjustment/Variance Entry Detail" solution="Active" />
        <Dependent key="212" type="92" displayName="Post-Operation of Vehicle Adjustment/Variance Entry Detail Update" id="{86c92a0e-8ed8-e611-80ea-00155d010e2c}" />
      </MissingDependency>
      <MissingDependency>
        <Required key="48" type="1" schemaName="gsc_cmn_quotecharge" displayName="Quote Charge" solution="Active" />
        <Dependent key="213" type="92" displayName="Post-Operation of Quote Charge Update" id="{67b25571-b5e9-e511-80d1-00155d010e2c}" />
      </MissingDependency>
      <MissingDependency>
        <Required key="55" type="1" schemaName="gsc_cmn_salesorderdiscount" displayName="Order Discount" solution="Active" />
        <Dependent key="214" type="92" displayName="Pre-Operation of Order Discount Create" id="{7ad44932-9054-e611-80da-00155d010e2c}" />
      </MissingDependency>
      <MissingDependency>
        <Required key="121" type="1" schemaName="gsc_cmn_returntransaction" displayName="Return Transaction" solution="Active" />
        <Dependent key="215" type="92" displayName="Post-Operation of Return Transaction Update" id="{6ff30b9a-cf4c-e611-80da-00155d010e2c}" />
      </MissingDependency>
      <MissingDependency>
        <Required key="12" type="1" schemaName="gsc_cmn_ordercharge" displayName="Order Charge" solution="Active" />
        <Dependent key="216" type="92" displayName="Pre-Operation of Order Charge Create" id="{cb304934-3afa-e511-80d2-00155d010e2c}" />
      </MissingDependency>
      <MissingDependency>
        <Required key="51" type="1" schemaName="gsc_iv_productquantity" displayName="Product Quantity" solution="Active" />
        <Dependent key="217" type="92" displayName="Pre-Operation of Product Quantity Create" id="{382f0f17-d90a-e711-80ef-00155d010e2c}" />
      </MissingDependency>
      <MissingDependency>
        <Required key="88" type="1" schemaName="gsc_sls_quoteaccessory" displayName="Quote Accessory" solution="Active" />
        <Dependent key="218" type="92" displayName="Pre-Operation of Quote Accessory Create" id="{e62a4a28-8084-e611-80dc-00155d010e2c}" />
      </MissingDependency>
      <MissingDependency>
        <Required key="0" type="1" schemaName="gsc_sls_orderaccessory" displayName="Order Accessory" solution="Active" />
        <Dependent key="219" type="92" displayName="Pre-Operation of Order Accessory Create" id="{6d19915c-2619-e711-80f0-00155d010e2c}" />
      </MissingDependency>
      <MissingDependency>
        <Required key="39" type="1" schemaName="gsc_cmn_insurancecoverage" displayName="Insurance Coverage" solution="Active" />
        <Dependent key="220" type="92" displayName="Post-Operation of Insurance Coverage Update" id="{9a0258fd-10a7-e611-80e0-00155d010e2c}" />
      </MissingDependency>
      <MissingDependency>
        <Required key="95" type="1" schemaName="gsc_sls_committedfirmorderquantity" displayName="Committed Firm Order Quantity" solution="Active" />
        <Dependent key="221" type="92" displayName="Post-Operation of Committed Firm Order Quantity Update" id="{555e38cf-043d-e611-80d9-00155d010e2c}" />
      </MissingDependency>
      <MissingDependency>
        <Required key="90" type="1" schemaName="gsc_iv_vehicleintransittransfer" displayName="Vehicle In-Transit Transfer" solution="Active" />
        <Dependent key="222" type="92" displayName="Pre-Validation of Vehicle In-Transit Transfer Delete" id="{c06db23b-916a-e611-80db-00155d010e2c}" />
      </MissingDependency>
      <MissingDependency>
        <Required key="128" type="1" schemaName="gsc_sls_orderplanning" displayName="Order Planning" solution="Active" />
        <Dependent key="223" type="92" displayName="Post-Operation of Order Planning Update" id="{3276ce30-6f28-e611-80d8-00155d010e2c}" />
      </MissingDependency>
      <MissingDependency>
        <Required key="20" type="1" schemaName="gsc_sls_quotecabchassis" displayName="Quote Cab Chassis" solution="Active" />
        <Dependent key="224" type="92" displayName="Post-Operation of Quote Cab Chassis Update" id="{c4ad9842-7480-e611-80dc-00155d010e2c}" />
      </MissingDependency>
      <MissingDependency>
        <Required key="33" type="1" schemaName="gsc_sls_vehiclepostdeliverymonitoring" displayName="Vehicle Post-Delivery Monitoring" solution="Active" />
        <Dependent key="225" type="92" displayName="Post-Operation of Vehicle Post-Delivery Monitoring Create" id="{061f6ae8-9b2c-e611-80d9-00155d010e2c}" />
      </MissingDependency>
      <MissingDependency>
        <Required key="35" type="1" schemaName="gsc_sls_ordercabchassis" displayName="Order Cab Chassis" solution="Active" />
        <Dependent key="226" type="92" displayName="Pre-Validation of Order Cab Chassis Delete" id="{f5b5692c-b21d-e711-80f0-00155d010e2c}" />
      </MissingDependency>
      <MissingDependency>
        <Required key="227" type="1" schemaName="gsc_cmn_postdeliveryadministration" displayName="Post-Delivery Administration" solution="Active" />
        <Dependent key="228" type="92" displayName="Pre-Operation of Post-Delivery Administration Create" id="{64a928ca-cd89-e611-80dd-00155d010e2c}" />
      </MissingDependency>
      <MissingDependency>
        <Required key="72" type="1" schemaName="gsc_sls_documentchecklist" displayName="Document Checklist" solution="Active" />
        <Dependent key="229" type="92" displayName="Post-Operation of Document Checklist Update" id="{30f84277-48e7-e511-80d1-00155d010e2c}" />
      </MissingDependency>
      <MissingDependency>
        <Required key="230" type="1" schemaName="gsc_cmn_idsequence" displayName="ID Sequence" solution="Active" />
        <Dependent key="231" type="92" displayName="Pre-Validation of ID Sequence Delete" id="{5f38d45a-70e4-e611-80ed-00155d010e2c}" />
      </MissingDependency>
      <MissingDependency>
        <Required key="70" type="1" schemaName="gsc_iv_vehiclecountschedule" displayName="Vehicle Count Schedule" solution="Active" />
        <Dependent key="232" type="92" displayName="Post-Operation of Vehicle Count Schedule Update" id="{26f31271-bd69-e611-80db-00155d010e2c}" />
      </MissingDependency>
      <MissingDependency>
        <Required key="26" type="1" schemaName="gsc_cmn_quotediscount" displayName="Quote Discount" solution="Active" />
        <Dependent key="233" type="92" displayName="Pre-Operation of Quote Discount Create" id="{805bff64-9753-e611-80da-00155d010e2c}" />
      </MissingDependency>
      <MissingDependency>
        <Required key="14" type="1" schemaName="gsc_sls_salesdocument" displayName="Sales Document" solution="Active" />
        <Dependent key="234" type="92" displayName="Post-Operation of Sales Document Update" id="{f1a8456c-138a-e611-80dd-00155d010e2c}" />
      </MissingDependency>
      <MissingDependency>
        <Required key="77" type="1" schemaName="gsc_sls_gvd" displayName="General Vehicle Data" solution="Active" />
        <Dependent key="235" type="92" displayName="Post-Operation of General Vehicle Data Create" id="{0d36f282-c4db-e611-80ed-00155d010e2c}" />
      </MissingDependency>
      <MissingDependency>
        <Required key="10" type="1" schemaName="gsc_iv_vehicletransferdetails" displayName="Vehicle Transfer Details" solution="Active" />
        <Dependent key="236" type="92" displayName="Post-Operation of Vehicle Transfer Details Update" id="{eefcd5db-063a-e711-80f2-00155d010e2c}" />
      </MissingDependency>
      <MissingDependency>
        <Required key="90" type="1" schemaName="gsc_iv_vehicleintransittransfer" displayName="Vehicle In-Transit Transfer" solution="Active" />
        <Dependent key="237" type="92" displayName="Pre-Validation of Vehicle In-Transit Transfer Create" id="{f8d25311-4768-e611-80db-00155d010e2c}" />
      </MissingDependency>
      <MissingDependency>
        <Required key="90" type="1" schemaName="gsc_iv_vehicleintransittransfer" displayName="Vehicle In-Transit Transfer" solution="Active" />
        <Dependent key="238" type="92" displayName="Post-Operation of Vehicle In-Transit Transfer Update" id="{4143c522-1669-e611-80db-00155d010e2c}" />
      </MissingDependency>
      <MissingDependency>
        <Required key="12" type="1" schemaName="gsc_cmn_ordercharge" displayName="Order Charge" solution="Active" />
        <Dependent key="239" type="92" displayName="Pre-Validation of Order Charge Delete" id="{cd3c94f0-bee9-e511-80d1-00155d010e2c}" />
      </MissingDependency>
      <MissingDependency>
        <Required key="2" type="1" schemaName="gsc_cmn_chargesitem" displayName="Charge Item" solution="Active" />
        <Dependent key="240" type="92" displayName="Post-Operation of Charge Item Create" id="{07b8a1e6-b6a7-e611-80e0-00155d010e2c}" />
      </MissingDependency>
      <MissingDependency>
        <Required key="20" type="1" schemaName="gsc_sls_quotecabchassis" displayName="Quote Cab Chassis" solution="Active" />
        <Dependent key="241" type="92" displayName="Pre-Operation of Quote Cab Chassis Create" id="{af3c5688-089c-e611-80df-00155d010e2c}" />
      </MissingDependency>
      <MissingDependency>
        <Required key="28" type="1" schemaName="gsc_cmn_receivingtransaction" displayName="Receiving Transaction" solution="Active" />
        <Dependent key="242" type="92" displayName="Pre-Operation of Receiving Transaction Create" id="{a4b55450-9c49-e611-80da-00155d010e2c}" />
      </MissingDependency>
      <MissingDependency>
        <Required key="243" type="1" schemaName="gsc_sls_committedfirmorder" displayName="Committed Firm Order Inquiry" solution="Active" />
        <Dependent key="244" type="92" displayName="Post-Operation of Committed Firm Order Create" id="{b62fba52-5b2d-e611-80d9-00155d010e2c}" />
      </MissingDependency>
      <MissingDependency>
        <Required key="2" type="1" schemaName="gsc_cmn_chargesitem" displayName="Charge Item" solution="Active" />
        <Dependent key="245" type="92" displayName="Post-Operation of Charge Item Update" id="{0bb8a1e6-b6a7-e611-80e0-00155d010e2c}" />
      </MissingDependency>
      <MissingDependency>
        <Required key="0" type="1" schemaName="gsc_sls_orderaccessory" displayName="Order Accessory" solution="Active" />
        <Dependent key="246" type="92" displayName="Pre-Validation of Order Accessory Delete" id="{dc9aac4e-4c23-e711-80f1-00155d010e2c}" />
      </MissingDependency>
      <MissingDependency>
        <Required key="247" type="1" schemaName="gsc_cmn_vehiclecolor" displayName="Vehicle Color" solution="Active" />
        <Dependent key="248" type="92" displayName="Pre-Operation of Vehicle Color Create" id="{37ca8320-66d2-e611-80e7-00155d010e2c}" />
      </MissingDependency>
      <MissingDependency>
        <Required key="187" type="1" schemaName="gsc_cmn_extendedpricelistitem" displayName="Extended Price List Item" solution="Active" />
        <Dependent key="249" type="92" displayName="Post-Operation of Extended Price List Item Create" id="{52b7b7d0-14d3-e611-80e7-00155d010e2c}" />
      </MissingDependency>
      <MissingDependency>
        <Required key="41" type="1" schemaName="gsc_sls_vehicleclaim" displayName="Vehicle Claim" solution="Active" />
        <Dependent key="250" type="92" displayName="Post-Operation of Vehicle Claim Update" id="{5a41e5a1-b720-e611-80d8-00155d010e2c}" />
      </MissingDependency>
      <MissingDependency>
        <Required key="128" type="1" schemaName="gsc_sls_orderplanning" displayName="Order Planning" solution="Active" />
        <Dependent key="251" type="92" displayName="Pre-Operation of Order Planning Create" id="{d15ee54d-3a29-e611-80d8-00155d010e2c}" />
      </MissingDependency>
      <MissingDependency>
        <Required key="121" type="1" schemaName="gsc_cmn_returntransaction" displayName="Return Transaction" solution="Active" />
        <Dependent key="252" type="92" displayName="Post-Operation of Return Transaction Create" id="{35da073a-824d-e611-80da-00155d010e2c}" />
      </MissingDependency>
      <MissingDependency>
        <Required key="97" type="1" schemaName="gsc_sls_quotemonthlyamortization" displayName="Quote Monthly Amortization" solution="Active" />
        <Dependent key="253" type="92" displayName="Post-Operation of Quote Monthly Amortization Update" id="{ef963749-22ec-e511-80d1-00155d010e2c}" />
      </MissingDependency>
      <MissingDependency>
        <Required key="75" type="1" schemaName="gsc_sls_cashreceipt" displayName="Cash Receipt" solution="Active" />
        <Dependent key="254" type="92" displayName="Pre-Validation of Cash Receipt Create" id="{68dddf43-4b89-e611-80dd-00155d010e2c}" />
      </MissingDependency>
      <MissingDependency>
        <Required key="255" type="1" schemaName="gsc_cmn_idrequest" displayName="ID Request" solution="Active" />
        <Dependent key="256" type="92" displayName="Post-Operation of ID Request Create" id="{8f6c68ee-c85e-e611-80db-00155d010e2c}" />
      </MissingDependency>
      <MissingDependency>
        <Required key="16" type="1" schemaName="gsc_cmn_approversetup" displayName="Approver Setup" solution="Active" />
        <Dependent key="257" type="92" displayName="Post-Operation of Approver Setup Update" id="{ad017ebf-062f-e711-80f2-00155d010e2c}" />
      </MissingDependency>
      <MissingDependency>
        <Required key="66" type="1" schemaName="gsc_sls_shippingclaim" displayName="Shipping Claim" solution="Active" />
        <Dependent key="258" type="92" displayName="Post-Operation of Shipping Claim Update" id="{f88ce24a-3959-e611-80db-00155d010e2c}" />
      </MissingDependency>
      <MissingDependency>
        <Required key="39" type="1" schemaName="gsc_cmn_insurancecoverage" displayName="Insurance Coverage" solution="Active" />
        <Dependent key="259" type="92" displayName="Pre-Validation of Insurance Coverage Delete" id="{a00258fd-10a7-e611-80e0-00155d010e2c}" />
      </MissingDependency>
      <MissingDependency>
        <Required key="22" type="1" schemaName="gsc_cmn_purchaseorderitemdetails" displayName="Purchase Order Detail" solution="Active" />
        <Dependent key="260" type="92" displayName="Pre-Operation of Purchase Order Detail Create" id="{757284f5-8ae7-e611-80ed-00155d010e2c}" />
      </MissingDependency>
      <MissingDependency>
        <Required key="110" type="1" schemaName="gsc_sls_adjustmentvariancedetail" displayName="Vehicle Adjustment/Variance Entry Detail" solution="Active" />
        <Dependent key="261" type="92" displayName="Pre-Validation of Vehicle Adjustment/Variance Entry Detail Delete" id="{e59567a3-0470-e611-80db-00155d010e2c}" />
      </MissingDependency>
      <MissingDependency>
        <Required key="63" type="1" schemaName="gsc_sls_committedfirmorderquantitydetail" displayName="Committed Firm Order Quantity Detail" solution="Active" />
        <Dependent key="262" type="92" displayName="Post-Operation of Committed Firm Order Quantity Detail Create" id="{a9efe286-ce03-e711-80ef-00155d010e2c}" />
      </MissingDependency>
      <MissingDependency>
        <Required key="30" type="1" schemaName="gsc_iv_vehiclecountentrydetails" displayName="Vehicle Count Entry Details" solution="Active" />
        <Dependent key="263" type="92" displayName="Post-Operation of Vehicle Count Entry Details Update" id="{f4b9981e-d870-e611-80db-00155d010e2c}" />
      </MissingDependency>
      <MissingDependency>
        <Required key="264" type="1" schemaName="gsc_sls_vehicleaccessory" displayName="Vehicle Accessory" solution="Active" />
        <Dependent key="265" type="92" displayName="Pre-Operation of Vehicle Accessory Create" id="{6340c430-dc7b-e611-80dc-00155d010e2c}" />
      </MissingDependency>
      <MissingDependency>
        <Required key="81" type="1" schemaName="gsc_sls_ordermonthlyamortization" displayName="Order Monthly Amortization" solution="Active" />
        <Dependent key="266" type="92" displayName="Post-Operation of Order Monthly Amortization Update" id="{37c01888-cafb-e511-80d2-00155d010e2c}" />
      </MissingDependency>
      <MissingDependency>
        <Required key="12" type="1" schemaName="gsc_cmn_ordercharge" displayName="Order Charge" solution="Active" />
        <Dependent key="267" type="92" displayName="Post-Operation of Order Charge Update" id="{c73c94f0-bee9-e511-80d1-00155d010e2c}" />
      </MissingDependency>
      <MissingDependency>
        <Required key="88" type="1" schemaName="gsc_sls_quoteaccessory" displayName="Quote Accessory" solution="Active" />
        <Dependent key="268" type="92" displayName="Pre-Validation of Quote Accessory Delete" id="{f02a4a28-8084-e611-80dc-00155d010e2c}" />
      </MissingDependency>
    </MissingDependencies>
  </SolutionManifest>
</ImportExportXml>